<?xml version="1.0" encoding="UTF-8"?>
<project-private xmlns="http://www.netbeans.org/ns/project-private/1">
    <editor-bookmarks xmlns="http://www.netbeans.org/ns/editor-bookmarks/2" lastBookmarkId="0"/>
    <open-files xmlns="http://www.netbeans.org/ns/projectui-open-files/2">
        <group>
            <file>file:/C:/Users/dumspicy/Desktop/ASM_PRJ301_HireAPitch/ASM_PRJ301_HireAPitch/Source%20Packages/model/Address.java</file>
            <file>file:/C:/Users/dumspicy/Desktop/ASM_PRJ301_HireAPitch/ASM_PRJ301_HireAPitch/web/WEB-INF/web.xml</file>
            <file>file:/C:/Users/dumspicy/Desktop/ASM_PRJ301_HireAPitch/ASM_PRJ301_HireAPitch/Source%20Packages/model/PitchType.java</file>
            <file>file:/C:/Users/dumspicy/Desktop/ASM_PRJ301_HireAPitch/ASM_PRJ301_HireAPitch/Source%20Packages/model/Pitch.java</file>
            <file>file:/C:/Users/dumspicy/Desktop/ASM_PRJ301_HireAPitch/ASM_PRJ301_HireAPitch/Source%20Packages/dal/DBContext.java</file>
            <file>file:/C:/Users/dumspicy/Desktop/ASM_PRJ301_HireAPitch/ASM_PRJ301_HireAPitch/Source%20Packages/dal/pitchDAO.java</file>
            <file>file:/C:/Users/dumspicy/Desktop/ASM_PRJ301_HireAPitch/ASM_PRJ301_HireAPitch/web/mainPage.jsp</file>
            <file>file:/C:/Users/dumspicy/Desktop/ASM_PRJ301_HireAPitch/ASM_PRJ301_HireAPitch/web/asset/stylesheet/ProductDetailsStyle.css</file>
            <file>file:/C:/Users/dumspicy/Desktop/ASM_PRJ301_HireAPitch/ASM_PRJ301_HireAPitch/web/ProductDetails.jsp</file>
            <file>file:/C:/Users/dumspicy/Desktop/ASM_PRJ301_HireAPitch/ASM_PRJ301_HireAPitch/Source%20Packages/controller/selectPitch.java</file>
        </group>
    </open-files>
</project-private>
